{"Logistic Regression": {"Accuracy": 91.99000000000001, "Precision": 91.99000000000001, "Recall": 91.99000000000001, "F1 Score": 91.99000000000001}, "Decision Tree": {"Accuracy": 51.94, "Precision": 51.94, "Recall": 51.94, "F1 Score": 51.94}, "Random Forest": {"Accuracy": 91.75999999999999, "Precision": 91.75999999999999, "Recall": 91.75999999999999, "F1 Score": 91.75999999999999}, "Naive Bayes": {"Accuracy": 86.92999999999999, "Precision": 86.92999999999999, "Recall": 86.92999999999999, "F1 Score": 86.92999999999999}, "KNN": {"Accuracy": 76.68, "Precision": 76.68, "Recall": 76.68, "F1 Score": 76.68}, "Linear SVM": {"Accuracy": 88.46000000000001, "Precision": 88.46000000000001, "Recall": 88.46000000000001, "F1 Score": 88.46000000000001}, "Kernel SVM": {"Accuracy": 89.75, "Precision": 89.75, "Recall": 89.75, "F1 Score": 89.75}, "SGD": {"Accuracy": 93.05, "Precision": 93.05, "Recall": 93.05, "F1 Score": 93.05}}