{"Logistic Regression": {"Accuracy": 91.86999999999999, "Precision": 91.86999999999999, "Recall": 91.86999999999999, "F1 Score": 91.86999999999999}, "Decision Tree": {"Accuracy": 51.94, "Precision": 51.94, "Recall": 51.94, "F1 Score": 51.94}, "Random Forest": {"Accuracy": 91.99000000000001, "Precision": 91.99000000000001, "Recall": 91.99000000000001, "F1 Score": 91.99000000000001}, "Naive Bayes": {"Accuracy": 86.22, "Precision": 86.22, "Recall": 86.22, "F1 Score": 86.22}, "KNN": {"Accuracy": 80.33, "Precision": 80.33, "Recall": 80.33, "F1 Score": 80.33}, "Linear SVM": {"Accuracy": 86.45, "Precision": 86.45, "Recall": 86.45, "F1 Score": 86.45}, "Kernel SVM": {"Accuracy": 87.99, "Precision": 87.99, "Recall": 87.99, "F1 Score": 87.99}, "SGD": {"Accuracy": 92.82000000000001, "Precision": 92.82000000000001, "Recall": 92.82000000000001, "F1 Score": 92.82000000000001}}