{"Logistic Regression": {"Accuracy": 91.75999999999999, "Precision": 91.75999999999999, "Recall": 91.75999999999999, "F1 Score": 91.75999999999999}, "Decision Tree": {"Accuracy": 51.94, "Precision": 51.94, "Recall": 51.94, "F1 Score": 51.94}, "Random Forest": {"Accuracy": 91.17, "Precision": 91.17, "Recall": 91.17, "F1 Score": 91.17}, "Naive Bayes": {"Accuracy": 83.98, "Precision": 83.98, "Recall": 83.98, "F1 Score": 83.98}, "KNN": {"Accuracy": 80.57, "Precision": 80.57, "Recall": 80.57, "F1 Score": 80.57}, "Linear SVM": {"Accuracy": 85.28, "Precision": 85.28, "Recall": 85.28, "F1 Score": 85.28}, "Kernel SVM": {"Accuracy": 87.16000000000001, "Precision": 87.16000000000001, "Recall": 87.16000000000001, "F1 Score": 87.16000000000001}, "SGD": {"Accuracy": 91.99000000000001, "Precision": 91.99000000000001, "Recall": 91.99000000000001, "F1 Score": 91.99000000000001}}