{"Logistic Regression": {"Accuracy": 80.42, "Precision": 80.42, "Recall": 80.42, "F1 Score": 80.42}, "Decision Tree": {"Accuracy": 59.730000000000004, "Precision": 59.730000000000004, "Recall": 59.730000000000004, "F1 Score": 59.730000000000004}, "Random Forest": {"Accuracy": 83.42, "Precision": 83.42, "Recall": 83.42, "F1 Score": 83.42}, "Naive Bayes": {"Accuracy": 82.17, "Precision": 82.17, "Recall": 82.17, "F1 Score": 82.17}, "KNN": {"Accuracy": 76.06, "Precision": 76.06, "Recall": 76.06, "F1 Score": 76.06}, "Linear SVM": {"Accuracy": 74.69, "Precision": 74.69, "Recall": 74.69, "F1 Score": 74.69}, "Kernel SVM": {"Accuracy": 76.31, "Precision": 76.31, "Recall": 76.31, "F1 Score": 76.31}, "SGD": {"Accuracy": 82.42, "Precision": 82.42, "Recall": 82.42, "F1 Score": 82.42}}