{"Logistic Regression": {"Accuracy": 80.92, "Precision": 80.92, "Recall": 80.92, "F1 Score": 80.92}, "Decision Tree": {"Accuracy": 59.730000000000004, "Precision": 59.730000000000004, "Recall": 59.730000000000004, "F1 Score": 59.730000000000004}, "Random Forest": {"Accuracy": 83.78999999999999, "Precision": 83.78999999999999, "Recall": 83.78999999999999, "F1 Score": 83.78999999999999}, "Naive Bayes": {"Accuracy": 83.28999999999999, "Precision": 83.28999999999999, "Recall": 83.28999999999999, "F1 Score": 83.28999999999999}, "KNN": {"Accuracy": 78.3, "Precision": 78.3, "Recall": 78.3, "F1 Score": 78.3}, "Linear SVM": {"Accuracy": 75.94, "Precision": 75.94, "Recall": 75.94, "F1 Score": 75.94}, "Kernel SVM": {"Accuracy": 77.06, "Precision": 77.06, "Recall": 77.06, "F1 Score": 77.06}, "SGD": {"Accuracy": 84.04, "Precision": 84.04, "Recall": 84.04, "F1 Score": 84.04}}