{"Logistic Regression": {"Accuracy": 84.04, "Precision": 84.04, "Recall": 84.04, "F1 Score": 84.04}, "Decision Tree": {"Accuracy": 59.730000000000004, "Precision": 59.730000000000004, "Recall": 59.730000000000004, "F1 Score": 59.730000000000004}, "Random Forest": {"Accuracy": 85.16, "Precision": 85.16, "Recall": 85.16, "F1 Score": 85.16}, "Naive Bayes": {"Accuracy": 83.78999999999999, "Precision": 83.78999999999999, "Recall": 83.78999999999999, "F1 Score": 83.78999999999999}, "KNN": {"Accuracy": 70.82000000000001, "Precision": 70.82000000000001, "Recall": 70.82000000000001, "F1 Score": 70.82000000000001}, "Linear SVM": {"Accuracy": 77.06, "Precision": 77.06, "Recall": 77.06, "F1 Score": 77.06}, "Kernel SVM": {"Accuracy": 78.05, "Precision": 78.05, "Recall": 78.05, "F1 Score": 78.05}, "SGD": {"Accuracy": 85.16, "Precision": 85.16, "Recall": 85.16, "F1 Score": 85.16}}